f1,precision,recall,TP,TN,FP,FN,ROC/AUC,threshold
0.1964019207849503,0.8987340634513843,0.11024844549303657,71.0,4348.0,8.0,573.0,0.5542059499569381,0.1223801395264798
